bucket_name,owner_principal,availability_zone,versioning_enabled,lifecycle_policy,audit_logging_enabled,created_at
agreement-49ea3cb9,schmidtjonathan@burton.com,us-east-1a,False,"{""rules"": [{""id"": ""expire-253-days"", ""action"": ""Delete"", ""days_after_creation"": 253}]}",False,2022-12-01T22:51:58.621238
improve-87f9e0e6,ericstark@gmail.com,us-east-1b,False,,False,2025-05-04T22:51:58.621729
activity-b45c6db0,tyler86@gmail.com,us-east-1a,True,,True,2023-10-04T22:51:58.622040
by-02ca3576,jenniferwade@li-caldwell.com,us-east-1a,False,"{""rules"": [{""id"": ""expire-208-days"", ""action"": ""Delete"", ""days_after_creation"": 208}]}",False,2023-06-16T22:51:58.622650
mother-74679db8,grayeric@berg.com,us-east-1a,False,"{""rules"": [{""id"": ""expire-313-days"", ""action"": ""Delete"", ""days_after_creation"": 313}]}",True,2023-05-17T22:51:58.623256
table-c78b1d80,martinshannon@gmail.com,us-east-1a,True,,False,2024-08-14T22:51:58.623519
religious-e52caf28,bishopchristopher@hotmail.com,us-east-1b,False,,True,2024-10-05T22:51:58.623793
others-ab19b220,jamie97@hotmail.com,us-east-1b,False,,False,2024-10-21T22:51:58.623946
report-da66288c,karenmcmillan@ryan.com,us-east-1a,False,,False,2023-11-20T22:51:58.624284
special-b6ad717d,carpenteranna@lang-nguyen.info,us-east-1a,True,"{""rules"": [{""id"": ""expire-140-days"", ""action"": ""Delete"", ""days_after_creation"": 140}]}",True,2024-01-26T22:51:58.624776
special-cd211104,sherrygeorge@alvarez-sherman.biz,us-east-1b,True,,True,2025-01-23T22:51:58.625244
third-a3f36040,whitewilliam@willis.com,us-east-1a,False,"{""rules"": [{""id"": ""expire-142-days"", ""action"": ""Delete"", ""days_after_creation"": 142}]}",False,2023-03-05T22:51:58.625982
doctor-b0255655,erica68@jenkins-wallace.com,us-east-1b,False,,False,2023-10-23T22:51:58.626366
whether-b3c814db,danielle28@yahoo.com,us-east-1a,False,"{""rules"": [{""id"": ""expire-285-days"", ""action"": ""Delete"", ""days_after_creation"": 285}]}",True,2024-06-07T22:51:58.626517
act-38833061,dfarley@harris.com,us-east-1a,False,,True,2023-05-30T22:51:58.627090
control-ffc6876b,johnsonsamuel@hotmail.com,us-west-2a,False,,False,2025-06-13T22:51:58.627366
word-7efa8621,smithmatthew@smith.com,us-east-1b,True,,True,2023-05-05T22:51:58.627723
decade-53268e2c,carlywagner@ramirez.com,us-east-1b,False,,True,2023-02-23T22:51:58.628340
he-c4c16299,stacy68@hall.com,us-east-1b,False,"{""rules"": [{""id"": ""expire-230-days"", ""action"": ""Delete"", ""days_after_creation"": 230}]}",False,2023-12-28T22:51:58.628828
impact-ce0a34c5,ryanodom@hotmail.com,us-east-1b,True,,False,2024-03-12T22:51:58.629294
treat-1033e5b6,robert32@mack.com,us-east-1b,True,"{""rules"": [{""id"": ""expire-147-days"", ""action"": ""Delete"", ""days_after_creation"": 147}]}",True,2025-07-03T22:51:58.629890
weight-371b41fc,kaylamitchell@yahoo.com,us-east-1b,False,,True,2023-02-12T22:51:58.630199
see-e9a2be59,wallacemichael@gmail.com,us-east-1a,False,"{""rules"": [{""id"": ""expire-67-days"", ""action"": ""Delete"", ""days_after_creation"": 67}]}",False,2024-10-20T22:51:58.630508
board-bf1f3b13,luislewis@yahoo.com,us-east-1b,True,,False,2023-04-11T22:51:58.630799
reason-d8afc8fc,mknight@hotmail.com,us-west-2a,True,,True,2025-01-31T22:51:58.630968
daughter-d7513ae3,nguyenbarbara@stewart-lyons.net,us-east-1a,False,"{""rules"": [{""id"": ""expire-64-days"", ""action"": ""Delete"", ""days_after_creation"": 64}]}",False,2023-12-04T22:51:58.631530
girl-23ab0e79,brianharper@hotmail.com,us-west-2a,True,"{""rules"": [{""id"": ""expire-332-days"", ""action"": ""Delete"", ""days_after_creation"": 332}]}",True,2024-04-11T22:51:58.631847
fill-3085dcee,michellemiller@hotmail.com,us-east-1b,True,,False,2024-05-21T22:51:58.632105
reach-7a0bcd30,markmeyer@hotmail.com,us-east-1a,True,"{""rules"": [{""id"": ""expire-145-days"", ""action"": ""Delete"", ""days_after_creation"": 145}]}",False,2022-12-25T22:51:58.632431
live-3c16e242,michael99@murray.biz,us-east-1b,True,"{""rules"": [{""id"": ""expire-133-days"", ""action"": ""Delete"", ""days_after_creation"": 133}]}",True,2024-05-09T22:51:58.632975
court-a0516060,millerryan@hull.com,us-west-2a,True,"{""rules"": [{""id"": ""expire-202-days"", ""action"": ""Delete"", ""days_after_creation"": 202}]}",True,2023-06-21T22:51:58.633512
natural-851841af,john07@gmail.com,us-east-1a,True,"{""rules"": [{""id"": ""expire-155-days"", ""action"": ""Delete"", ""days_after_creation"": 155}]}",True,2023-03-22T22:51:58.633714
age-9034e3af,edwardsgary@yahoo.com,us-west-2a,True,,True,2025-01-24T22:51:58.633984
save-576eac82,gailmills@oneal-richardson.com,us-east-1b,False,"{""rules"": [{""id"": ""expire-170-days"", ""action"": ""Delete"", ""days_after_creation"": 170}]}",True,2022-12-20T22:51:58.634464
start-0c291c30,meganlambert@hotmail.com,us-west-2a,False,"{""rules"": [{""id"": ""expire-364-days"", ""action"": ""Delete"", ""days_after_creation"": 364}]}",False,2023-08-20T22:51:58.634978
business-2a18f56b,owenjason@hotmail.com,us-east-1b,False,"{""rules"": [{""id"": ""expire-33-days"", ""action"": ""Delete"", ""days_after_creation"": 33}]}",False,2025-05-16T22:51:58.635357
stay-504dbf56,mshaw@hotmail.com,us-east-1b,True,,False,2025-03-28T22:51:58.635608
tell-53b3100f,emma73@jacobson.com,us-east-1b,False,,False,2023-08-22T22:51:58.636159
pressure-47869496,ydavis@gmail.com,us-east-1b,True,"{""rules"": [{""id"": ""expire-113-days"", ""action"": ""Delete"", ""days_after_creation"": 113}]}",False,2024-06-24T22:51:58.636418
piece-81ddbc45,bmunoz@collins.com,us-east-1a,True,,False,2024-08-08T22:51:58.637042
control-4f80f1f1,cody78@hotmail.com,us-west-2a,True,"{""rules"": [{""id"": ""expire-210-days"", ""action"": ""Delete"", ""days_after_creation"": 210}]}",False,2023-05-12T22:51:58.637224
quality-d735afbe,byoung@yahoo.com,us-east-1b,False,"{""rules"": [{""id"": ""expire-321-days"", ""action"": ""Delete"", ""days_after_creation"": 321}]}",False,2023-09-03T22:51:58.637596
democratic-3954d6b6,brandy78@cabrera-cooper.com,us-east-1a,False,"{""rules"": [{""id"": ""expire-150-days"", ""action"": ""Delete"", ""days_after_creation"": 150}]}",False,2023-04-17T22:51:58.638049
conference-89e3a18a,fdougherty@preston-gonzalez.biz,us-west-2a,True,"{""rules"": [{""id"": ""expire-155-days"", ""action"": ""Delete"", ""days_after_creation"": 155}]}",False,2023-08-04T22:51:58.638539
unit-6218ece1,flemingtimothy@everett.com,us-west-2a,False,,False,2023-09-24T22:51:58.639080
few-466cc3ac,whiteangela@miller.org,us-east-1a,True,,False,2024-02-25T22:51:58.639695
line-b95796bf,cassidyjohnson@bennett-norris.com,us-east-1a,True,"{""rules"": [{""id"": ""expire-240-days"", ""action"": ""Delete"", ""days_after_creation"": 240}]}",False,2023-07-17T22:51:58.640256
myself-e009fee5,jklein@hotmail.com,us-west-2a,False,"{""rules"": [{""id"": ""expire-107-days"", ""action"": ""Delete"", ""days_after_creation"": 107}]}",False,2024-07-16T22:51:58.640470
quickly-ae430daa,cescobar@nelson-winters.com,us-east-1a,False,"{""rules"": [{""id"": ""expire-324-days"", ""action"": ""Delete"", ""days_after_creation"": 324}]}",True,2024-05-06T22:51:58.640902
source-6e93cf2d,spencerandrea@collins-munoz.net,us-east-1a,False,"{""rules"": [{""id"": ""expire-129-days"", ""action"": ""Delete"", ""days_after_creation"": 129}]}",True,2024-01-12T22:51:58.641569
minute-06c38685,quinnfrank@gmail.com,us-east-1a,True,"{""rules"": [{""id"": ""expire-270-days"", ""action"": ""Delete"", ""days_after_creation"": 270}]}",False,2024-03-29T22:51:58.641883
beyond-fef56a9f,michaelgraham@johnson.com,us-east-1b,False,"{""rules"": [{""id"": ""expire-238-days"", ""action"": ""Delete"", ""days_after_creation"": 238}]}",True,2022-12-07T22:51:58.642311
various-0c03a286,evanshoward@yahoo.com,us-east-1a,True,,False,2024-11-12T22:51:58.642588
draw-dcca0ace,stewartjohn@yahoo.com,us-east-1b,False,"{""rules"": [{""id"": ""expire-307-days"", ""action"": ""Delete"", ""days_after_creation"": 307}]}",False,2024-10-07T22:51:58.642982
forget-1f4c2c9b,franciscameron@kim.net,us-east-1a,False,"{""rules"": [{""id"": ""expire-335-days"", ""action"": ""Delete"", ""days_after_creation"": 335}]}",False,2023-11-25T22:51:58.643700
choose-6e320789,fullerchristina@yahoo.com,us-west-2a,False,"{""rules"": [{""id"": ""expire-57-days"", ""action"": ""Delete"", ""days_after_creation"": 57}]}",False,2022-12-31T22:51:58.643990
wear-9b115294,pbradley@yahoo.com,us-east-1b,True,"{""rules"": [{""id"": ""expire-113-days"", ""action"": ""Delete"", ""days_after_creation"": 113}]}",True,2023-08-21T22:51:58.644224
office-6d2409c5,cjimenez@washington.com,us-west-2a,False,,False,2025-04-07T22:51:58.644560
individual-19dc8193,william47@gmail.com,us-east-1b,False,"{""rules"": [{""id"": ""expire-249-days"", ""action"": ""Delete"", ""days_after_creation"": 249}]}",True,2023-03-17T22:51:58.644748
lot-069df9c1,stephanie73@gonzales.org,us-east-1b,False,,False,2023-10-08T22:51:58.645222
avoid-0a411a17,donald04@hotmail.com,us-west-2a,False,"{""rules"": [{""id"": ""expire-77-days"", ""action"": ""Delete"", ""days_after_creation"": 77}]}",True,2023-10-04T22:51:58.645560
nice-fc82a98f,julieanderson@harding.com,us-west-2a,False,,True,2024-12-06T22:51:58.645976
including-dfef636f,hrodriguez@duncan-lara.com,us-west-2a,True,"{""rules"": [{""id"": ""expire-91-days"", ""action"": ""Delete"", ""days_after_creation"": 91}]}",True,2023-09-01T22:51:58.646418
role-1b95a4ae,davischristopher@gmail.com,us-east-1a,False,"{""rules"": [{""id"": ""expire-88-days"", ""action"": ""Delete"", ""days_after_creation"": 88}]}",True,2023-05-22T22:51:58.646731
business-573ef56e,edwardsjames@yahoo.com,us-east-1b,True,"{""rules"": [{""id"": ""expire-220-days"", ""action"": ""Delete"", ""days_after_creation"": 220}]}",True,2025-01-22T22:51:58.647024
reveal-532dd80a,justin71@reid.org,us-east-1b,True,,True,2024-06-16T22:51:58.647309
outside-1133ae5c,wilsonjessica@gmail.com,us-east-1b,True,"{""rules"": [{""id"": ""expire-267-days"", ""action"": ""Delete"", ""days_after_creation"": 267}]}",True,2024-09-12T22:51:58.647653
interview-41a25325,victoriamccullough@lucero.com,us-west-2a,False,"{""rules"": [{""id"": ""expire-188-days"", ""action"": ""Delete"", ""days_after_creation"": 188}]}",False,2023-05-14T22:51:58.648114
operation-ff50d15a,paulnewton@patel.com,us-west-2a,False,,False,2022-11-25T22:51:58.648760
fall-c0a3dffe,jose90@morales.com,us-west-2a,False,"{""rules"": [{""id"": ""expire-245-days"", ""action"": ""Delete"", ""days_after_creation"": 245}]}",False,2025-01-20T22:51:58.649378
public-b925ba93,vgarcia@levine-clark.com,us-east-1b,False,,False,2023-08-17T22:51:58.650084
natural-f0c9dcd9,jasonpierce@yahoo.com,us-west-2a,False,,False,2024-03-07T22:51:58.650368
woman-c736f485,acarter@hall-may.net,us-east-1b,False,"{""rules"": [{""id"": ""expire-252-days"", ""action"": ""Delete"", ""days_after_creation"": 252}]}",False,2025-04-08T22:51:58.650785
range-a39f55f1,kevinrichardson@matthews-schwartz.biz,us-west-2a,True,"{""rules"": [{""id"": ""expire-220-days"", ""action"": ""Delete"", ""days_after_creation"": 220}]}",True,2024-09-12T22:51:58.651292
suffer-3d41245f,aviladennis@hotmail.com,us-east-1a,False,,True,2025-02-22T22:51:58.651554
science-0d0e875b,pli@yahoo.com,us-west-2a,False,"{""rules"": [{""id"": ""expire-164-days"", ""action"": ""Delete"", ""days_after_creation"": 164}]}",True,2023-03-18T22:51:58.651753
security-a79235b1,ryanarmstrong@gmail.com,us-west-2a,False,,True,2023-04-15T22:51:58.652002
break-c762356d,tasha60@yahoo.com,us-east-1a,False,"{""rules"": [{""id"": ""expire-338-days"", ""action"": ""Delete"", ""days_after_creation"": 338}]}",True,2023-08-29T22:51:58.652180
center-e14e5a9e,lmurphy@gomez-sanders.biz,us-west-2a,False,"{""rules"": [{""id"": ""expire-193-days"", ""action"": ""Delete"", ""days_after_creation"": 193}]}",False,2023-09-24T22:51:58.652575
general-7f63edbf,crawfordjustin@yahoo.com,us-east-1b,True,"{""rules"": [{""id"": ""expire-224-days"", ""action"": ""Delete"", ""days_after_creation"": 224}]}",False,2024-02-22T22:51:58.652843
sense-1652c4f0,laurapearson@hernandez.biz,us-east-1b,False,"{""rules"": [{""id"": ""expire-203-days"", ""action"": ""Delete"", ""days_after_creation"": 203}]}",False,2025-08-03T22:51:58.653564
woman-5dc251f4,robertgonzalez@hotmail.com,us-east-1b,True,"{""rules"": [{""id"": ""expire-265-days"", ""action"": ""Delete"", ""days_after_creation"": 265}]}",True,2022-12-18T22:51:58.653855
like-a5b93d23,jvargas@clark-hall.info,us-east-1a,False,"{""rules"": [{""id"": ""expire-239-days"", ""action"": ""Delete"", ""days_after_creation"": 239}]}",False,2023-01-21T22:51:58.654339
military-7744193b,sheilajenkins@yahoo.com,us-east-1b,True,"{""rules"": [{""id"": ""expire-158-days"", ""action"": ""Delete"", ""days_after_creation"": 158}]}",False,2023-07-11T22:51:58.654655
what-642fc319,tinawinters@jackson-frederick.com,us-east-1b,True,,False,2023-12-06T22:51:58.655208
discover-2d3b636f,bcooper@hotmail.com,us-east-1a,False,,True,2024-01-09T22:51:58.655419
until-b4c3d851,kwest@flores.com,us-east-1a,False,,True,2024-10-07T22:51:58.655708
address-5f5888a0,mendozaangel@brown-jones.net,us-east-1b,True,,False,2022-12-22T22:51:58.656187
its-624de5d3,pjackson@gmail.com,us-east-1b,False,"{""rules"": [{""id"": ""expire-119-days"", ""action"": ""Delete"", ""days_after_creation"": 119}]}",True,2024-09-18T22:51:58.656399
end-21c5d914,jasonsmith@hotmail.com,us-west-2a,False,"{""rules"": [{""id"": ""expire-246-days"", ""action"": ""Delete"", ""days_after_creation"": 246}]}",False,2023-12-02T22:51:58.656679
into-ecb297ae,schwartzcatherine@hotmail.com,us-east-1b,True,,False,2024-10-23T22:51:58.656955
religious-5d4aad0e,ngibson@gmail.com,us-east-1a,True,,False,2024-03-07T22:51:58.657194
finally-ec2802d5,timothy92@yahoo.com,us-east-1a,True,,False,2024-03-12T22:51:58.657376
interview-856b861c,rollinskara@gmail.com,us-west-2a,True,"{""rules"": [{""id"": ""expire-355-days"", ""action"": ""Delete"", ""days_after_creation"": 355}]}",True,2023-05-05T22:51:58.657668
senior-1880ed4c,matthewpeterson@gmail.com,us-west-2a,False,"{""rules"": [{""id"": ""expire-150-days"", ""action"": ""Delete"", ""days_after_creation"": 150}]}",True,2024-02-29T22:51:58.657930
remain-ed492871,wbradford@davis-kirk.info,us-east-1a,False,"{""rules"": [{""id"": ""expire-58-days"", ""action"": ""Delete"", ""days_after_creation"": 58}]}",False,2023-06-11T22:51:58.658355
product-ab7c7b73,qtaylor@yahoo.com,us-east-1a,False,"{""rules"": [{""id"": ""expire-213-days"", ""action"": ""Delete"", ""days_after_creation"": 213}]}",True,2024-07-18T22:51:58.658579
whatever-5fee3f8d,jimmysampson@hotmail.com,us-east-1a,False,"{""rules"": [{""id"": ""expire-50-days"", ""action"": ""Delete"", ""days_after_creation"": 50}]}",True,2025-03-12T22:51:58.658819
film-c492f494,richardlopez@yahoo.com,us-east-1b,True,"{""rules"": [{""id"": ""expire-338-days"", ""action"": ""Delete"", ""days_after_creation"": 338}]}",False,2025-07-03T22:51:58.659060
change-e1e3035b,kingshawn@matthews-weaver.com,us-east-1b,False,"{""rules"": [{""id"": ""expire-128-days"", ""action"": ""Delete"", ""days_after_creation"": 128}]}",True,2024-12-22T22:51:58.659558
its-84549357,elizabethjensen@heath-ray.com,us-east-1a,True,,True,2023-09-13T22:51:58.660031
my-5c88d383,fblanchard@hotmail.com,us-west-2a,True,,True,2023-12-23T22:51:58.660194
exactly-78525d1a,jennifer32@gmail.com,us-east-1b,True,"{""rules"": [{""id"": ""expire-62-days"", ""action"": ""Delete"", ""days_after_creation"": 62}]}",False,2024-12-29T22:51:58.660338
present-fea671be,oflores@garza-sanders.com,us-west-2a,False,,False,2025-01-23T22:51:58.660742
identify-b4bb608c,codygomez@gmail.com,us-west-2a,True,,False,2024-01-24T22:51:58.660972
behind-85f2b4c1,randy40@crawford.com,us-west-2a,True,"{""rules"": [{""id"": ""expire-341-days"", ""action"": ""Delete"", ""days_after_creation"": 341}]}",True,2023-06-27T22:51:58.661510
method-50468651,andrewjones@warner-pitts.org,us-east-1b,True,,True,2023-06-15T22:51:58.661988
present-402cf703,tonya11@hotmail.com,us-west-2a,True,,False,2023-06-02T22:51:58.662141
finish-dcf3e114,hunterlevy@hotmail.com,us-west-2a,False,"{""rules"": [{""id"": ""expire-347-days"", ""action"": ""Delete"", ""days_after_creation"": 347}]}",False,2022-12-23T22:51:58.662377
shoulder-09848bdd,cwang@yahoo.com,us-east-1b,True,,True,2024-07-18T22:51:58.662554
wife-a98e698a,morrisonlindsay@hotmail.com,us-east-1b,True,,True,2025-06-20T22:51:58.662794
night-90c1eb74,okerr@campos-hudson.com,us-east-1a,False,,False,2023-09-10T22:51:58.663190
painting-99d0c879,castillocheryl@gmail.com,us-west-2a,False,,False,2023-07-06T22:51:58.663449
its-25a70c5f,dmaldonado@baldwin-bailey.com,us-east-1b,False,"{""rules"": [{""id"": ""expire-120-days"", ""action"": ""Delete"", ""days_after_creation"": 120}]}",True,2024-12-05T22:51:58.663888
single-0ee5de03,mdunn@hotmail.com,us-east-1a,True,"{""rules"": [{""id"": ""expire-247-days"", ""action"": ""Delete"", ""days_after_creation"": 247}]}",False,2025-01-16T22:51:58.664086
before-95e907b7,hmiller@yahoo.com,us-east-1b,True,,True,2022-11-22T22:51:58.664279
even-1f2292a1,nandrews@hotmail.com,us-east-1b,False,,True,2023-10-04T22:51:58.664443
senior-498ef7c5,oharris@hotmail.com,us-east-1a,True,,True,2025-04-27T22:51:58.664598
information-14ddbe42,martinezjessica@dillon.biz,us-east-1a,False,,False,2022-12-03T22:51:58.665178
happen-ff5200c7,ryu@gmail.com,us-west-2a,False,,False,2024-09-15T22:51:58.665418
very-a103efb0,thomas74@hotmail.com,us-west-2a,True,,False,2024-07-10T22:51:58.665573
score-5e81f5a1,perezemily@gmail.com,us-west-2a,False,"{""rules"": [{""id"": ""expire-158-days"", ""action"": ""Delete"", ""days_after_creation"": 158}]}",True,2023-12-28T22:51:58.665841
still-bbe3a537,jmartin@smith-black.com,us-east-1a,False,,True,2024-10-06T22:51:58.666239
card-812d4584,ramirezjose@gmail.com,us-east-1a,False,,False,2024-08-13T22:51:58.666481
indeed-e8857b1e,gonzalezdesiree@gmail.com,us-east-1a,True,,True,2024-03-10T22:51:58.666701
put-17fa978b,markbrown@hebert-sellers.net,us-east-1b,False,,True,2025-01-07T22:51:58.667179
act-96a62b69,stephensjessica@anderson.com,us-west-2a,False,"{""rules"": [{""id"": ""expire-56-days"", ""action"": ""Delete"", ""days_after_creation"": 56}]}",False,2023-12-03T22:51:58.667654
resource-b423699c,pdodson@barnes-flores.com,us-east-1a,False,"{""rules"": [{""id"": ""expire-264-days"", ""action"": ""Delete"", ""days_after_creation"": 264}]}",False,2023-10-17T22:51:58.668078
article-2bd191f3,gardnerdonald@yahoo.com,us-east-1b,False,"{""rules"": [{""id"": ""expire-328-days"", ""action"": ""Delete"", ""days_after_creation"": 328}]}",True,2025-01-31T22:51:58.668349
station-17e88d9d,simserin@hotmail.com,us-east-1a,False,"{""rules"": [{""id"": ""expire-178-days"", ""action"": ""Delete"", ""days_after_creation"": 178}]}",False,2025-04-15T22:51:58.668610
move-ac992d6e,anthony37@jackson.biz,us-east-1b,True,"{""rules"": [{""id"": ""expire-107-days"", ""action"": ""Delete"", ""days_after_creation"": 107}]}",False,2025-05-19T22:51:58.669081
role-90d4633c,jlivingston@jensen.com,us-west-2a,True,,True,2024-04-30T22:51:58.669667
summer-2be3ccaa,michaeldavis@hotmail.com,us-east-1b,False,"{""rules"": [{""id"": ""expire-346-days"", ""action"": ""Delete"", ""days_after_creation"": 346}]}",True,2024-11-02T22:51:58.669916
race-79e9bfd5,chavezyolanda@hotmail.com,us-east-1b,True,,False,2025-01-18T22:51:58.670187
live-a138181d,jonathan07@gmail.com,us-west-2a,False,,True,2024-04-04T22:51:58.670336
rest-957e7ce2,tracysanders@turner-holmes.com,us-west-2a,True,"{""rules"": [{""id"": ""expire-150-days"", ""action"": ""Delete"", ""days_after_creation"": 150}]}",True,2024-12-23T22:51:58.670810
wear-c2cd8cfc,scottdavid@wilson-cooper.com,us-east-1a,False,,False,2024-03-13T22:51:58.671276
act-433d1262,christopher91@lopez-wilson.com,us-east-1a,False,,True,2024-11-07T22:51:58.671640
develop-4bdfcbb5,vanessaharmon@yahoo.com,us-east-1a,False,,False,2023-12-17T22:51:58.671883
ready-bba702e9,carterrobert@bishop.com,us-east-1b,False,"{""rules"": [{""id"": ""expire-230-days"", ""action"": ""Delete"", ""days_after_creation"": 230}]}",True,2025-06-11T22:51:58.672277
heavy-d7847f15,melissa90@yahoo.com,us-east-1a,False,,True,2024-03-14T22:51:58.672436
set-bb814c85,austin96@jarvis-green.com,us-east-1b,False,"{""rules"": [{""id"": ""expire-211-days"", ""action"": ""Delete"", ""days_after_creation"": 211}]}",False,2023-03-29T22:51:58.672981
across-96a0071e,craig69@washington.com,us-west-2a,False,"{""rules"": [{""id"": ""expire-267-days"", ""action"": ""Delete"", ""days_after_creation"": 267}]}",False,2024-10-27T22:51:58.673719
technology-c4601df9,dennisgreen@baker-sandoval.biz,us-east-1a,False,"{""rules"": [{""id"": ""expire-365-days"", ""action"": ""Delete"", ""days_after_creation"": 365}]}",False,2024-01-10T22:51:58.674309
always-299ebafd,steven01@hendricks.com,us-east-1b,False,"{""rules"": [{""id"": ""expire-146-days"", ""action"": ""Delete"", ""days_after_creation"": 146}]}",True,2025-05-01T22:51:58.674615
your-7372c4de,shannonwise@peterson-miller.info,us-east-1b,True,,False,2024-11-25T22:51:58.675086
represent-97c55520,sonia80@yahoo.com,us-east-1a,True,,True,2024-09-25T22:51:58.675259
condition-3bbd8ea8,john90@yahoo.com,us-east-1b,False,,False,2025-01-22T22:51:58.675404
option-250b4ba2,christopherruiz@ray.com,us-east-1b,True,,False,2024-05-29T22:51:58.675764
how-7405d142,mercedesknight@perry.com,us-east-1b,False,"{""rules"": [{""id"": ""expire-239-days"", ""action"": ""Delete"", ""days_after_creation"": 239}]}",True,2025-03-10T22:51:58.676149
so-3d9c9c69,ian09@gmail.com,us-west-2a,False,"{""rules"": [{""id"": ""expire-266-days"", ""action"": ""Delete"", ""days_after_creation"": 266}]}",False,2024-04-25T22:51:58.676348
yard-152db752,ddavis@holloway.com,us-west-2a,True,,True,2025-04-25T22:51:58.676872
management-95414eba,craigbrooks@hotmail.com,us-east-1a,True,,False,2024-01-16T22:51:58.677128
information-90e41987,tracy23@johnson-osborne.net,us-west-2a,True,"{""rules"": [{""id"": ""expire-167-days"", ""action"": ""Delete"", ""days_after_creation"": 167}]}",True,2025-01-24T22:51:58.677623
oil-9e0c468d,billy56@gmail.com,us-west-2a,True,,True,2025-07-30T22:51:58.677769
language-0fff65ea,zvaughn@hotmail.com,us-west-2a,False,,False,2023-09-02T22:51:58.677953
early-c84f735a,jrodriguez@yahoo.com,us-east-1a,False,,True,2023-03-28T22:51:58.678111
realize-c5e41344,romantheresa@gmail.com,us-east-1b,False,,False,2025-07-18T22:51:58.678349
say-53a41305,rwest@hotmail.com,us-east-1a,False,,False,2024-10-11T22:51:58.678534
what-054fe017,smithmichelle@perry-smith.com,us-east-1a,False,"{""rules"": [{""id"": ""expire-130-days"", ""action"": ""Delete"", ""days_after_creation"": 130}]}",True,2024-09-04T22:51:58.679240
our-163ca487,brettadkins@hotmail.com,us-east-1b,True,"{""rules"": [{""id"": ""expire-33-days"", ""action"": ""Delete"", ""days_after_creation"": 33}]}",False,2024-09-08T22:51:58.679553
special-ac0b5bf0,robertnguyen@gmail.com,us-west-2a,False,"{""rules"": [{""id"": ""expire-227-days"", ""action"": ""Delete"", ""days_after_creation"": 227}]}",True,2023-12-04T22:51:58.679878
inside-a426dd7c,marquezwendy@gmail.com,us-west-2a,False,"{""rules"": [{""id"": ""expire-71-days"", ""action"": ""Delete"", ""days_after_creation"": 71}]}",False,2024-10-24T22:51:58.680157
forget-f87dd713,logan43@lee.com,us-east-1a,True,"{""rules"": [{""id"": ""expire-288-days"", ""action"": ""Delete"", ""days_after_creation"": 288}]}",False,2025-07-23T22:51:58.680459
write-5437c181,mwilliamson@gmail.com,us-west-2a,False,"{""rules"": [{""id"": ""expire-174-days"", ""action"": ""Delete"", ""days_after_creation"": 174}]}",False,2025-07-05T22:51:58.680651
fine-0c8c8640,michelebaker@martin.com,us-east-1a,False,,False,2024-09-06T22:51:58.681051
usually-0088baa1,lhansen@nguyen.net,us-east-1a,False,,False,2023-03-06T22:51:58.681712
upon-a6a77849,jessicacox@gmail.com,us-east-1b,False,"{""rules"": [{""id"": ""expire-74-days"", ""action"": ""Delete"", ""days_after_creation"": 74}]}",False,2024-05-11T22:51:58.682024
blue-c363d7f3,alicialloyd@anderson-salazar.net,us-east-1a,True,,False,2025-02-18T22:51:58.682500
toward-2a1b1d4c,kevin15@lee.biz,us-east-1b,True,,True,2023-04-17T22:51:58.683022
ask-b1cc5a06,egonzalez@potter.org,us-east-1b,False,"{""rules"": [{""id"": ""expire-114-days"", ""action"": ""Delete"", ""days_after_creation"": 114}]}",True,2022-11-24T22:51:58.683376
base-8d7dc903,maciaskendra@gmail.com,us-east-1b,False,,False,2025-03-13T22:51:58.683609
far-7216f7e5,qjones@gmail.com,us-east-1a,False,,False,2023-06-19T22:51:58.683789
next-fe8ae4a2,barry38@yahoo.com,us-west-2a,False,"{""rules"": [{""id"": ""expire-289-days"", ""action"": ""Delete"", ""days_after_creation"": 289}]}",False,2024-02-07T22:51:58.683943
people-461e1483,hahnjames@hotmail.com,us-east-1a,True,"{""rules"": [{""id"": ""expire-353-days"", ""action"": ""Delete"", ""days_after_creation"": 353}]}",False,2025-07-03T22:51:58.684230
daughter-77630e79,marquezjennifer@hotmail.com,us-east-1b,True,"{""rules"": [{""id"": ""expire-123-days"", ""action"": ""Delete"", ""days_after_creation"": 123}]}",True,2023-01-08T22:51:58.684530
understand-ceae89ea,charles15@preston.com,us-east-1b,True,"{""rules"": [{""id"": ""expire-226-days"", ""action"": ""Delete"", ""days_after_creation"": 226}]}",True,2024-08-10T22:51:58.684816
station-c681e0f2,alisongonzales@wood.com,us-east-1a,False,"{""rules"": [{""id"": ""expire-223-days"", ""action"": ""Delete"", ""days_after_creation"": 223}]}",True,2023-03-23T22:51:58.685535
buy-27812b8b,kayla23@hotmail.com,us-east-1a,True,"{""rules"": [{""id"": ""expire-249-days"", ""action"": ""Delete"", ""days_after_creation"": 249}]}",False,2025-06-27T22:51:58.685713
thousand-f821c119,robertkelley@ware-lewis.biz,us-east-1b,False,"{""rules"": [{""id"": ""expire-150-days"", ""action"": ""Delete"", ""days_after_creation"": 150}]}",False,2023-09-28T22:51:58.686221
imagine-8cba0ef9,timothyward@dorsey.com,us-west-2a,False,"{""rules"": [{""id"": ""expire-161-days"", ""action"": ""Delete"", ""days_after_creation"": 161}]}",True,2023-08-09T22:51:58.686663
visit-3d1d546c,gadams@gmail.com,us-west-2a,True,,True,2024-11-18T22:51:58.686868
need-ca985472,robertolson@adams.com,us-east-1b,True,"{""rules"": [{""id"": ""expire-166-days"", ""action"": ""Delete"", ""days_after_creation"": 166}]}",False,2023-08-01T22:51:58.687597
someone-a55063bc,ruizkathryn@gmail.com,us-east-1a,True,"{""rules"": [{""id"": ""expire-135-days"", ""action"": ""Delete"", ""days_after_creation"": 135}]}",True,2022-11-17T22:51:58.687858
nothing-b980f8f3,smithkimberly@hughes.net,us-west-2a,True,,True,2024-12-22T22:51:58.688535
do-854dbc46,cummingsheather@gmail.com,us-east-1a,False,,False,2024-08-12T22:51:58.688812
market-3ec5bd5d,jenningsrhonda@gmail.com,us-west-2a,False,"{""rules"": [{""id"": ""expire-52-days"", ""action"": ""Delete"", ""days_after_creation"": 52}]}",False,2023-07-15T22:51:58.689065
economy-f8c8e015,vanessaowens@larsen.com,us-east-1b,True,,True,2024-04-09T22:51:58.689522
specific-adf885c4,jessica70@hotmail.com,us-east-1a,True,,True,2023-02-28T22:51:58.689722
ok-3d3f8e1c,aking@johnson.com,us-west-2a,False,,True,2025-06-26T22:51:58.690411
open-0c10a898,amy07@moreno-stanton.com,us-east-1b,False,"{""rules"": [{""id"": ""expire-242-days"", ""action"": ""Delete"", ""days_after_creation"": 242}]}",True,2023-07-06T22:51:58.690968
ago-c1393fb4,christopher05@lee-wilson.com,us-east-1a,False,,True,2024-03-01T22:51:58.691344
born-69b0f183,romerotravis@yahoo.com,us-west-2a,True,"{""rules"": [{""id"": ""expire-88-days"", ""action"": ""Delete"", ""days_after_creation"": 88}]}",False,2023-03-26T22:51:58.691590
do-5494c803,silvajames@hotmail.com,us-west-2a,False,,True,2023-07-21T22:51:58.691991
chance-4799dc90,amber76@gmail.com,us-east-1b,True,,False,2024-09-28T22:51:58.692153
speak-b04c22b4,stephanie95@hotmail.com,us-east-1a,True,"{""rules"": [{""id"": ""expire-340-days"", ""action"": ""Delete"", ""days_after_creation"": 340}]}",True,2024-10-09T22:51:58.692296
bad-431b189a,zgarcia@williams.org,us-east-1a,False,,True,2023-04-12T22:51:58.692794
red-eb6f60a6,lbutler@yahoo.com,us-east-1b,False,"{""rules"": [{""id"": ""expire-219-days"", ""action"": ""Delete"", ""days_after_creation"": 219}]}",False,2023-05-03T22:51:58.692969
society-e3af54b0,ewyatt@yahoo.com,us-east-1a,True,,False,2023-09-18T22:51:58.693162
themselves-3fe5b2cf,paul86@hensley.info,us-east-1a,False,,False,2023-11-15T22:51:58.693724
get-c3618790,kmorales@gmail.com,us-east-1b,True,"{""rules"": [{""id"": ""expire-37-days"", ""action"": ""Delete"", ""days_after_creation"": 37}]}",True,2023-02-04T22:51:58.693925
student-03fbbed3,jennifermartinez@webster-ritter.com,us-west-2a,True,,True,2023-03-21T22:51:58.694375
indicate-5f105bab,madeline43@gmail.com,us-east-1b,False,"{""rules"": [{""id"": ""expire-138-days"", ""action"": ""Delete"", ""days_after_creation"": 138}]}",False,2023-10-04T22:51:58.694522
financial-9fd25ec8,daniel57@james-sanchez.com,us-east-1b,True,"{""rules"": [{""id"": ""expire-334-days"", ""action"": ""Delete"", ""days_after_creation"": 334}]}",True,2023-04-08T22:51:58.694881
food-5a02c5ce,brycejackson@yahoo.com,us-east-1b,False,,True,2025-08-08T22:51:58.695114
white-6a7b5911,morserebecca@kim.biz,us-east-1b,True,,True,2023-08-20T22:51:58.695646
bed-faffa84d,ingramchristopher@gmail.com,us-east-1a,True,,True,2023-04-03T22:51:58.695876
fear-bd611fbe,rmercado@gmail.com,us-east-1a,True,"{""rules"": [{""id"": ""expire-260-days"", ""action"": ""Delete"", ""days_after_creation"": 260}]}",False,2025-07-23T22:51:58.696055
weight-c832ce92,samuel63@williams.com,us-east-1b,False,"{""rules"": [{""id"": ""expire-135-days"", ""action"": ""Delete"", ""days_after_creation"": 135}]}",False,2023-03-22T22:51:58.696303
model-a577218f,vanessarandall@copeland.net,us-east-1b,False,,False,2025-03-22T22:51:58.696825
imagine-fdfc43ac,thomasarnold@campbell-sloan.com,us-east-1b,False,,False,2023-02-22T22:51:58.697246
billion-cc11df53,flewis@gmail.com,us-east-1b,True,"{""rules"": [{""id"": ""expire-304-days"", ""action"": ""Delete"", ""days_after_creation"": 304}]}",False,2025-07-18T22:51:58.697490
data-0a0b403c,umerritt@valencia.org,us-east-1b,False,,False,2025-04-29T22:51:58.697769
lawyer-c3a46872,adrian49@williams.com,us-west-2a,True,,False,2025-01-19T22:51:58.698200
determine-4dbf254f,curryjulian@hotmail.com,us-west-2a,True,"{""rules"": [{""id"": ""expire-336-days"", ""action"": ""Delete"", ""days_after_creation"": 336}]}",True,2025-01-06T22:51:58.698429
issue-90997709,heather94@lowery.net,us-east-1a,True,,True,2025-06-01T22:51:58.698674
own-d59a6cf2,plester@yahoo.com,us-west-2a,True,,False,2023-05-11T22:51:58.698840
former-8b61c9a0,george45@gmail.com,us-west-2a,True,"{""rules"": [{""id"": ""expire-60-days"", ""action"": ""Delete"", ""days_after_creation"": 60}]}",True,2023-12-18T22:51:58.698974
similar-016f16e3,cunninghamkevin@hotmail.com,us-west-2a,False,"{""rules"": [{""id"": ""expire-95-days"", ""action"": ""Delete"", ""days_after_creation"": 95}]}",True,2023-03-05T22:51:58.699230
decade-211573f1,byrdchristopher@little-lindsey.com,us-east-1b,False,"{""rules"": [{""id"": ""expire-130-days"", ""action"": ""Delete"", ""days_after_creation"": 130}]}",True,2024-09-23T22:51:58.699778
inside-538f2d4c,williamscrystal@hotmail.com,us-west-2a,False,"{""rules"": [{""id"": ""expire-90-days"", ""action"": ""Delete"", ""days_after_creation"": 90}]}",False,2024-05-04T22:51:58.700030
Republican-61bd063e,yramsey@flores.com,us-east-1a,False,,True,2025-05-02T22:51:58.700486
feel-4e029916,michaeldonovan@davis.org,us-east-1a,True,"{""rules"": [{""id"": ""expire-178-days"", ""action"": ""Delete"", ""days_after_creation"": 178}]}",True,2023-02-09T22:51:58.701011
everyone-e0a3f7db,xmiller@gmail.com,us-east-1b,False,"{""rules"": [{""id"": ""expire-257-days"", ""action"": ""Delete"", ""days_after_creation"": 257}]}",False,2024-05-18T22:51:58.701226
ready-42648a21,campbellleslie@rivera-andrews.biz,us-east-1b,True,"{""rules"": [{""id"": ""expire-70-days"", ""action"": ""Delete"", ""days_after_creation"": 70}]}",False,2023-12-28T22:51:58.701794
against-06ba328e,michellesimpson@hotmail.com,us-east-1b,False,,True,2024-06-23T22:51:58.702036
concern-b3b930d7,john02@rowe.net,us-east-1b,False,"{""rules"": [{""id"": ""expire-301-days"", ""action"": ""Delete"", ""days_after_creation"": 301}]}",True,2024-10-10T22:51:58.702283
be-f7697005,ronaldroach@white-padilla.biz,us-east-1a,False,"{""rules"": [{""id"": ""expire-173-days"", ""action"": ""Delete"", ""days_after_creation"": 173}]}",True,2022-11-23T22:51:58.702788
question-c3387bd8,bakerchristina@yahoo.com,us-east-1b,True,"{""rules"": [{""id"": ""expire-249-days"", ""action"": ""Delete"", ""days_after_creation"": 249}]}",True,2024-06-22T22:51:58.703036
at-d60e1e1a,newmanmatthew@white-hall.com,us-east-1a,True,"{""rules"": [{""id"": ""expire-123-days"", ""action"": ""Delete"", ""days_after_creation"": 123}]}",True,2024-06-26T22:51:58.703528
scene-5572644a,kimberly69@hotmail.com,us-east-1b,True,,False,2023-07-11T22:51:58.703686
my-b7fdb630,jimeneztimothy@gamble-garcia.com,us-east-1b,True,,True,2024-09-08T22:51:58.704122
them-5606e0c5,nelsonlauren@hotmail.com,us-east-1a,False,,False,2024-05-05T22:51:58.704358
finish-a7ba8345,gonzalezcathy@yahoo.com,us-east-1a,True,,False,2023-06-10T22:51:58.704579
Republican-94e3584d,casey41@gmail.com,us-west-2a,True,,False,2023-03-29T22:51:58.704727
opportunity-b63ee4f6,youngerin@stephenson-delgado.com,us-east-1b,True,"{""rules"": [{""id"": ""expire-285-days"", ""action"": ""Delete"", ""days_after_creation"": 285}]}",True,2025-03-25T22:51:58.705184
hospital-72f0eea4,osbornealexander@clark-nolan.com,us-east-1a,True,,True,2023-10-03T22:51:58.705714
prepare-b9a1bee3,davidfox@dominguez-powell.com,us-east-1a,True,"{""rules"": [{""id"": ""expire-317-days"", ""action"": ""Delete"", ""days_after_creation"": 317}]}",False,2024-09-14T22:51:58.706190
as-10b83379,brent18@yahoo.com,us-east-1a,False,,True,2025-03-24T22:51:58.706338
lay-5ea1bc37,fletcherjessica@hotmail.com,us-east-1b,False,"{""rules"": [{""id"": ""expire-254-days"", ""action"": ""Delete"", ""days_after_creation"": 254}]}",False,2023-09-02T22:51:58.706568
stock-96d6ac6d,hendrixamanda@yahoo.com,us-east-1a,True,,False,2024-04-15T22:51:58.706789
and-a9289cfe,moorekimberly@silva.biz,us-east-1a,False,,True,2025-05-27T22:51:58.707140
student-5e696284,joshua48@yahoo.com,us-east-1b,False,"{""rules"": [{""id"": ""expire-284-days"", ""action"": ""Delete"", ""days_after_creation"": 284}]}",True,2025-05-26T22:51:58.707301
site-747c870b,martinmeghan@hotmail.com,us-west-2a,True,,False,2024-11-09T22:51:58.707568
beautiful-96a78bfb,christopher54@gmail.com,us-east-1b,True,,True,2024-05-07T22:51:58.707698
leave-b8443f86,michelle37@ramirez-moore.biz,us-west-2a,True,"{""rules"": [{""id"": ""expire-285-days"", ""action"": ""Delete"", ""days_after_creation"": 285}]}",False,2025-07-11T22:51:58.708160
reason-cfe12b77,andrewlozano@yahoo.com,us-east-1b,True,,True,2024-03-21T22:51:58.708394
loss-a9b2fdb4,ywilkins@hart.net,us-west-2a,True,,False,2025-05-16T22:51:58.708879
maintain-eb6a7ec7,epham@brown-bullock.com,us-east-1a,True,"{""rules"": [{""id"": ""expire-196-days"", ""action"": ""Delete"", ""days_after_creation"": 196}]}",False,2022-11-19T22:51:58.709279
area-d5861a76,qnelson@snow.net,us-east-1b,False,,True,2022-12-11T22:51:58.709857
effect-2a5abaed,austincarlos@reyes.net,us-east-1b,False,,True,2023-09-25T22:51:58.710234
voice-752e8e59,dcannon@gmail.com,us-east-1a,False,,True,2023-01-06T22:51:58.710436
stage-c593729f,thompsonerin@hotmail.com,us-west-2a,True,,True,2023-04-02T22:51:58.710717
foot-f60f1f1a,mblair@smith.net,us-east-1a,True,,False,2025-07-10T22:51:58.711248
break-84202e16,freemancraig@gomez.org,us-west-2a,True,,False,2025-02-08T22:51:58.711598
better-25a33be0,bryan73@reynolds.biz,us-east-1a,False,,False,2024-05-06T22:51:58.712048
five-905f39ba,mcgeejennifer@cannon.com,us-east-1b,False,"{""rules"": [{""id"": ""expire-288-days"", ""action"": ""Delete"", ""days_after_creation"": 288}]}",True,2024-12-21T22:51:58.712445
star-8570c1e1,nspears@avila-davis.org,us-west-2a,True,,True,2025-03-05T22:51:58.712850
record-2a9d6d1d,osbornebrenda@phillips.com,us-west-2a,False,,False,2024-05-28T22:51:58.713583
try-4f466ecc,amberwatson@gmail.com,us-east-1a,False,"{""rules"": [{""id"": ""expire-106-days"", ""action"": ""Delete"", ""days_after_creation"": 106}]}",False,2024-12-05T22:51:58.713964
civil-0507b5db,brandonmack@vega-smith.biz,us-west-2a,False,,True,2025-08-01T22:51:58.714570
across-d9dcf7e3,danieljohnston@gmail.com,us-east-1a,True,"{""rules"": [{""id"": ""expire-231-days"", ""action"": ""Delete"", ""days_after_creation"": 231}]}",True,2023-01-16T22:51:58.714970
relationship-ec82dad2,russellmelissa@hotmail.com,us-east-1a,False,,False,2022-12-29T22:51:58.715259
thus-60b8061b,matthewevans@yahoo.com,us-east-1b,True,,False,2024-07-31T22:51:58.715580
good-71a8895c,sarah63@garcia.biz,us-east-1a,True,,True,2024-03-10T22:51:58.715932
pattern-5eddc1ba,nicholasescobar@sandoval-russell.com,us-east-1b,False,"{""rules"": [{""id"": ""expire-260-days"", ""action"": ""Delete"", ""days_after_creation"": 260}]}",True,2024-01-25T22:51:58.716522
again-4e12aed2,stephanie10@colon-lynn.com,us-east-1a,False,,False,2025-01-13T22:51:58.716920
go-1fef32ab,sally89@yahoo.com,us-east-1a,True,,False,2024-06-02T22:51:58.717083
benefit-848d325c,tyler12@hotmail.com,us-east-1a,False,"{""rules"": [{""id"": ""expire-125-days"", ""action"": ""Delete"", ""days_after_creation"": 125}]}",True,2025-01-12T22:51:58.717315
son-5d76922d,erin65@yahoo.com,us-east-1a,False,"{""rules"": [{""id"": ""expire-50-days"", ""action"": ""Delete"", ""days_after_creation"": 50}]}",True,2023-12-08T22:51:58.717686
call-55154583,marybyrd@lynch.info,us-west-2a,True,"{""rules"": [{""id"": ""expire-274-days"", ""action"": ""Delete"", ""days_after_creation"": 274}]}",False,2024-07-25T22:51:58.718360
prove-f485b125,greg95@price.com,us-east-1a,True,"{""rules"": [{""id"": ""expire-86-days"", ""action"": ""Delete"", ""days_after_creation"": 86}]}",True,2025-05-11T22:51:58.718926
player-93cd30f6,chasekevin@sullivan.com,us-east-1a,True,,True,2023-04-15T22:51:58.719492
Mrs-231c7188,sarahwatts@jennings-english.com,us-west-2a,False,,False,2022-12-31T22:51:58.720022
election-b2e26d58,charles61@holden.com,us-west-2a,True,,True,2023-05-15T22:51:58.720291
culture-c902b266,thomas35@beard-hayes.net,us-west-2a,True,,False,2025-07-21T22:51:58.720662
whether-00041790,daniel46@yahoo.com,us-east-1b,True,,False,2025-02-02T22:51:58.720831
social-f1c229d4,gonzalezdonald@gmail.com,us-west-2a,True,,False,2024-02-18T22:51:58.721107
decide-d8154df7,ubernard@peterson.info,us-west-2a,False,,True,2024-01-10T22:51:58.721530
drive-d0bebe95,williamsjames@gmail.com,us-east-1b,True,"{""rules"": [{""id"": ""expire-204-days"", ""action"": ""Delete"", ""days_after_creation"": 204}]}",True,2025-05-05T22:51:58.722012
international-e2586241,amandadodson@yahoo.com,us-east-1a,False,,True,2023-11-27T22:51:58.722295
large-30dbaffe,amy47@whitehead.org,us-east-1b,True,"{""rules"": [{""id"": ""expire-359-days"", ""action"": ""Delete"", ""days_after_creation"": 359}]}",False,2024-01-01T22:51:58.722857
itself-7dbadcee,dennis23@wallace.com,us-east-1a,False,"{""rules"": [{""id"": ""expire-198-days"", ""action"": ""Delete"", ""days_after_creation"": 198}]}",True,2024-01-29T22:51:58.723387
find-8fb683d2,hreyes@brown.net,us-west-2a,True,,False,2024-04-13T22:51:58.723701
employee-89ccb2e2,justincarey@sanchez.net,us-east-1a,True,"{""rules"": [{""id"": ""expire-79-days"", ""action"": ""Delete"", ""days_after_creation"": 79}]}",False,2024-12-03T22:51:58.724316
sometimes-34d25a2a,mathisjennifer@gmail.com,us-west-2a,True,,False,2025-01-19T22:51:58.724563
clear-4d4209b2,yosborne@macdonald.com,us-west-2a,True,,True,2025-06-02T22:51:58.724874
white-dae625ab,larrymorse@whitaker.com,us-east-1a,False,,False,2023-08-17T22:51:58.725254
prepare-edae6bd4,marcusmcintosh@hodges-harris.net,us-east-1a,True,,False,2024-02-13T22:51:58.725868
serious-696f0675,john05@yahoo.com,us-west-2a,False,"{""rules"": [{""id"": ""expire-83-days"", ""action"": ""Delete"", ""days_after_creation"": 83}]}",False,2024-04-30T22:51:58.726055
popular-5fd69e12,brownlaura@gmail.com,us-east-1a,True,"{""rules"": [{""id"": ""expire-139-days"", ""action"": ""Delete"", ""days_after_creation"": 139}]}",False,2023-06-22T22:51:58.726330
partner-99039371,eroth@yahoo.com,us-east-1b,False,"{""rules"": [{""id"": ""expire-172-days"", ""action"": ""Delete"", ""days_after_creation"": 172}]}",False,2024-04-03T22:51:58.726509
either-c39290ce,guzmanjessica@yahoo.com,us-west-2a,False,,False,2023-12-19T22:51:58.726737
effect-1025bf20,brownkevin@foster.com,us-east-1b,True,"{""rules"": [{""id"": ""expire-80-days"", ""action"": ""Delete"", ""days_after_creation"": 80}]}",True,2025-03-05T22:51:58.727374
lay-89386cfc,olivia52@johnston-conrad.com,us-west-2a,True,,True,2025-05-23T22:51:58.727727
use-b7534db0,juanyork@gmail.com,us-east-1a,False,"{""rules"": [{""id"": ""expire-258-days"", ""action"": ""Delete"", ""days_after_creation"": 258}]}",True,2025-02-14T22:51:58.727985
provide-01bf7f8d,wbrown@barber.net,us-east-1a,True,,True,2025-01-19T22:51:58.728292
true-4356cf46,kneal@yahoo.com,us-east-1a,True,"{""rules"": [{""id"": ""expire-219-days"", ""action"": ""Delete"", ""days_after_creation"": 219}]}",True,2023-03-08T22:51:58.728488
standard-9c479bfb,evansluis@wilson.org,us-west-2a,False,"{""rules"": [{""id"": ""expire-131-days"", ""action"": ""Delete"", ""days_after_creation"": 131}]}",True,2023-01-19T22:51:58.729052
question-7c8173fc,xesparza@roy-harris.com,us-east-1b,True,"{""rules"": [{""id"": ""expire-309-days"", ""action"": ""Delete"", ""days_after_creation"": 309}]}",True,2025-01-10T22:51:58.729535
star-8545120a,glennadams@gmail.com,us-east-1a,True,,False,2024-08-28T22:51:58.729780
want-0056938c,stevenjohnson@hotmail.com,us-east-1b,True,,False,2023-04-17T22:51:58.730006
four-4b67fd78,cwalker@rodriguez.com,us-east-1a,False,"{""rules"": [{""id"": ""expire-40-days"", ""action"": ""Delete"", ""days_after_creation"": 40}]}",True,2024-01-10T22:51:58.730560
also-7ed09672,mcbridejoanna@gmail.com,us-east-1b,True,,False,2023-09-23T22:51:58.730803
protect-97b8b51e,dennis26@walters-sullivan.com,us-east-1a,True,,True,2024-03-23T22:51:58.731183
subject-94913a2f,martinrobert@gmail.com,us-west-2a,False,,False,2025-05-12T22:51:58.731451
her-18ed87b1,rodney03@hotmail.com,us-east-1b,False,,False,2025-03-06T22:51:58.731601
foot-0276f722,anna24@avery-ramos.info,us-east-1b,True,"{""rules"": [{""id"": ""expire-289-days"", ""action"": ""Delete"", ""days_after_creation"": 289}]}",False,2025-02-12T22:51:58.732004
eat-197d72a6,tyronelong@lewis-nelson.org,us-east-1a,True,"{""rules"": [{""id"": ""expire-62-days"", ""action"": ""Delete"", ""days_after_creation"": 62}]}",True,2024-04-27T22:51:58.732770
face-31f4f5c4,jon55@hotmail.com,us-east-1a,True,"{""rules"": [{""id"": ""expire-156-days"", ""action"": ""Delete"", ""days_after_creation"": 156}]}",False,2024-12-26T22:51:58.732989
democratic-7e1c2a44,nicholas64@gmail.com,us-west-2a,True,,True,2024-09-11T22:51:58.733160
assume-d32d51ee,robertlopez@gmail.com,us-east-1b,True,"{""rules"": [{""id"": ""expire-90-days"", ""action"": ""Delete"", ""days_after_creation"": 90}]}",True,2024-04-14T22:51:58.733596
house-082c600c,owenslogan@lee-thompson.com,us-east-1a,True,"{""rules"": [{""id"": ""expire-62-days"", ""action"": ""Delete"", ""days_after_creation"": 62}]}",False,2023-03-16T22:51:58.734175
contain-b509fc36,hlynch@deleon.com,us-east-1b,True,,True,2024-02-07T22:51:58.734503
perhaps-76e2257b,tramirez@chan.com,us-east-1b,True,,True,2024-04-08T22:51:58.735245
music-8bc89782,lowewilliam@moran-rodriguez.org,us-east-1a,False,,True,2023-07-18T22:51:58.735877
former-ce0643a5,jason40@hotmail.com,us-east-1b,False,,True,2024-01-05T22:51:58.736075
later-93360608,davidharper@norman.biz,us-west-2a,False,,True,2023-02-15T22:51:58.736464
some-600055e5,katelynwade@graham.com,us-east-1b,False,,True,2024-04-28T22:51:58.737124
free-c361bcfe,nataliereyes@yahoo.com,us-east-1b,False,,True,2024-05-15T22:51:58.737511
audience-40ae5b3b,tnelson@hotmail.com,us-east-1a,True,,False,2025-07-21T22:51:58.737738
begin-1c0ddf73,bjones@gmail.com,us-east-1b,False,"{""rules"": [{""id"": ""expire-238-days"", ""action"": ""Delete"", ""days_after_creation"": 238}]}",False,2024-08-07T22:51:58.737967
individual-cd9c6687,qalvarado@yahoo.com,us-east-1a,True,,True,2023-03-20T22:51:58.738153
up-53df594a,millsronald@simpson.com,us-east-1b,False,"{""rules"": [{""id"": ""expire-353-days"", ""action"": ""Delete"", ""days_after_creation"": 353}]}",True,2024-01-20T22:51:58.738764
service-50a7f173,bakerjacob@carter.info,us-east-1a,True,,True,2023-10-31T22:51:58.739416
school-781378e0,zdunn@lewis-stevens.com,us-east-1a,False,,False,2025-02-25T22:51:58.739851
send-ecbf791c,awilkinson@hotmail.com,us-east-1b,True,"{""rules"": [{""id"": ""expire-304-days"", ""action"": ""Delete"", ""days_after_creation"": 304}]}",True,2024-02-09T22:51:58.740108
push-2091b664,david15@lara.biz,us-west-2a,True,"{""rules"": [{""id"": ""expire-91-days"", ""action"": ""Delete"", ""days_after_creation"": 91}]}",True,2023-02-19T22:51:58.740438
drive-e90d3b63,spearsthomas@stark.info,us-east-1a,True,"{""rules"": [{""id"": ""expire-258-days"", ""action"": ""Delete"", ""days_after_creation"": 258}]}",True,2023-11-14T22:51:58.741083
different-4196240a,wigginsshelly@sellers-strong.com,us-east-1a,True,,False,2023-02-13T22:51:58.741668
campaign-493f7fb0,cmaxwell@yahoo.com,us-east-1b,False,,False,2024-04-29T22:51:58.741877
value-9e093339,hcruz@brown.net,us-east-1b,False,"{""rules"": [{""id"": ""expire-80-days"", ""action"": ""Delete"", ""days_after_creation"": 80}]}",True,2023-03-21T22:51:58.742242
image-15a4bd06,fwebster@gmail.com,us-west-2a,True,,True,2023-01-27T22:51:58.742667
better-d08816f3,theresadonovan@thompson-davenport.biz,us-west-2a,True,"{""rules"": [{""id"": ""expire-218-days"", ""action"": ""Delete"", ""days_after_creation"": 218}]}",False,2025-04-18T22:51:58.743372
reason-fe3a6c42,debra24@morales.com,us-east-1a,True,,True,2022-12-17T22:51:58.744385
debate-185035e0,chambersjoshua@gmail.com,us-west-2a,False,,True,2025-07-25T22:51:58.744856
question-7d73fe19,crosbymark@brewer-thompson.com,us-east-1a,True,,False,2023-01-30T22:51:58.745520
trial-785659f8,amathews@gmail.com,us-east-1a,True,"{""rules"": [{""id"": ""expire-206-days"", ""action"": ""Delete"", ""days_after_creation"": 206}]}",True,2024-02-25T22:51:58.745763
us-144cb8bb,cmartinez@jordan.com,us-west-2a,True,,False,2025-02-12T22:51:58.746057
teacher-aab3d46f,morgantanner@yahoo.com,us-east-1a,True,,True,2025-03-04T22:51:58.746307
game-d6f92e80,wanda43@hotmail.com,us-west-2a,False,,False,2023-04-11T22:51:58.746474
stop-9184763e,hrodriguez@gmail.com,us-east-1a,False,,True,2024-12-01T22:51:58.746673
money-1b1505d2,floydkathryn@nguyen.com,us-east-1a,False,"{""rules"": [{""id"": ""expire-306-days"", ""action"": ""Delete"", ""days_after_creation"": 306}]}",True,2023-08-31T22:51:58.747079
despite-a6727db9,wrightblake@hotmail.com,us-west-2a,True,"{""rules"": [{""id"": ""expire-181-days"", ""action"": ""Delete"", ""days_after_creation"": 181}]}",False,2025-05-24T22:51:58.747386
minute-43ef215a,latoyahayes@yahoo.com,us-west-2a,False,"{""rules"": [{""id"": ""expire-206-days"", ""action"": ""Delete"", ""days_after_creation"": 206}]}",False,2025-02-25T22:51:58.747682
radio-4f1c6e60,wwagner@gmail.com,us-west-2a,True,,True,2024-03-07T22:51:58.748040
senior-03b3b197,rwalsh@herring.com,us-east-1b,True,,False,2023-03-02T22:51:58.748419
short-d914e7ef,mccartychristina@yahoo.com,us-east-1a,False,,True,2023-06-09T22:51:58.748688
hard-b9d60762,karenhunt@yahoo.com,us-west-2a,False,,True,2023-06-13T22:51:58.748999
two-6b73cf67,lyonsjean@ramirez.com,us-west-2a,False,,False,2023-01-26T22:51:58.749749
consumer-d045b1e1,csalazar@riley.info,us-east-1b,False,,False,2023-06-05T22:51:58.750520
happy-05180a70,woodswhitney@gmail.com,us-east-1a,False,,False,2024-05-27T22:51:58.750858
even-26aad0ca,vyates@elliott-jacobson.com,us-east-1b,False,"{""rules"": [{""id"": ""expire-253-days"", ""action"": ""Delete"", ""days_after_creation"": 253}]}",False,2023-08-09T22:51:58.751309
modern-f6cf9d1a,daleedwards@ramirez-wu.info,us-west-2a,False,"{""rules"": [{""id"": ""expire-182-days"", ""action"": ""Delete"", ""days_after_creation"": 182}]}",False,2023-02-26T22:51:58.751864
ground-a86762b7,reevesnatalie@watkins-sims.biz,us-west-2a,False,,False,2024-06-09T22:51:58.752439
top-8fa76cd2,jeremystanton@velez.com,us-east-1a,True,,False,2024-05-04T22:51:58.752861
affect-da39841d,xnicholson@morris.com,us-west-2a,False,,False,2024-08-28T22:51:58.753192
why-1adea65a,sandra25@gmail.com,us-west-2a,False,"{""rules"": [{""id"": ""expire-237-days"", ""action"": ""Delete"", ""days_after_creation"": 237}]}",False,2025-08-08T22:51:58.753626
summer-5a84abc3,cookgeorge@porter.com,us-east-1a,True,"{""rules"": [{""id"": ""expire-168-days"", ""action"": ""Delete"", ""days_after_creation"": 168}]}",False,2024-07-30T22:51:58.754057
officer-a396f8b4,matthewpowell@hotmail.com,us-east-1a,True,"{""rules"": [{""id"": ""expire-357-days"", ""action"": ""Delete"", ""days_after_creation"": 357}]}",False,2024-07-21T22:51:58.754380
worry-80546121,codymartinez@walker.net,us-east-1a,True,"{""rules"": [{""id"": ""expire-137-days"", ""action"": ""Delete"", ""days_after_creation"": 137}]}",True,2024-03-11T22:51:58.755002
team-d68f56ef,hardingedwin@gmail.com,us-east-1a,True,"{""rules"": [{""id"": ""expire-327-days"", ""action"": ""Delete"", ""days_after_creation"": 327}]}",False,2025-03-17T22:51:58.755285
charge-ff97c8cb,amy25@yahoo.com,us-east-1a,False,"{""rules"": [{""id"": ""expire-85-days"", ""action"": ""Delete"", ""days_after_creation"": 85}]}",True,2024-12-24T22:51:58.755455
beat-9fa949e6,handerson@brown.com,us-east-1b,False,,True,2023-11-12T22:51:58.755967
ten-062e5ff7,curtismarquez@gmail.com,us-east-1a,True,"{""rules"": [{""id"": ""expire-292-days"", ""action"": ""Delete"", ""days_after_creation"": 292}]}",True,2025-08-03T22:51:58.756247
blue-453ecdc1,christopher60@stuart.info,us-west-2a,False,,False,2024-09-13T22:51:58.756538
size-97682a3e,rowlandlisa@reyes-howard.net,us-east-1a,True,"{""rules"": [{""id"": ""expire-347-days"", ""action"": ""Delete"", ""days_after_creation"": 347}]}",False,2022-12-10T22:51:58.757008
finally-10b81343,christopherdavis@meyer.com,us-east-1b,True,"{""rules"": [{""id"": ""expire-262-days"", ""action"": ""Delete"", ""days_after_creation"": 262}]}",False,2024-09-25T22:51:58.757468
teach-d8b8d8d3,ypeterson@webb.biz,us-east-1a,True,,False,2023-04-22T22:51:58.757807
tell-6d9a9f49,juan54@rogers.com,us-east-1a,False,"{""rules"": [{""id"": ""expire-304-days"", ""action"": ""Delete"", ""days_after_creation"": 304}]}",True,2024-09-02T22:51:58.758092
college-4223ec94,sandra06@hotmail.com,us-east-1b,False,"{""rules"": [{""id"": ""expire-170-days"", ""action"": ""Delete"", ""days_after_creation"": 170}]}",True,2024-04-03T22:51:58.758259
inside-60e52b2a,aarongonzalez@yahoo.com,us-west-2a,False,,True,2023-05-20T22:51:58.758504
culture-a488b36f,thorntonjames@hotmail.com,us-west-2a,False,"{""rules"": [{""id"": ""expire-108-days"", ""action"": ""Delete"", ""days_after_creation"": 108}]}",False,2024-11-13T22:51:58.758780
better-390360fd,crystal13@yahoo.com,us-east-1b,False,,False,2024-12-29T22:51:58.758926
stand-e12ea177,rdixon@gmail.com,us-east-1a,True,,False,2024-03-28T22:51:58.759091
wonder-b837e8e1,mary67@hotmail.com,us-east-1b,False,"{""rules"": [{""id"": ""expire-149-days"", ""action"": ""Delete"", ""days_after_creation"": 149}]}",False,2023-06-02T22:51:58.759230
behavior-0dfa5cbf,james03@yahoo.com,us-west-2a,True,"{""rules"": [{""id"": ""expire-106-days"", ""action"": ""Delete"", ""days_after_creation"": 106}]}",False,2024-07-29T22:51:58.759378
affect-9cc8afc5,zhowell@gmail.com,us-east-1b,False,"{""rules"": [{""id"": ""expire-295-days"", ""action"": ""Delete"", ""days_after_creation"": 295}]}",False,2023-12-13T22:51:58.759554
song-98c8af89,andrewhenry@hotmail.com,us-west-2a,True,,False,2024-05-09T22:51:58.760009
certain-6bce7aab,williamssamantha@hicks.org,us-east-1a,True,,True,2024-01-25T22:51:58.760709
team-52705ed3,carolburnett@taylor.com,us-west-2a,True,"{""rules"": [{""id"": ""expire-180-days"", ""action"": ""Delete"", ""days_after_creation"": 180}]}",True,2025-07-25T22:51:58.761193
indicate-14b94492,perezcole@holmes-salazar.net,us-east-1a,True,,True,2025-01-10T22:51:58.761884
line-3137fcd8,mccoyjennifer@huerta.org,us-east-1b,False,,True,2024-09-23T22:51:58.762591
education-410d0dbd,plong@ruiz-anderson.com,us-east-1b,False,"{""rules"": [{""id"": ""expire-63-days"", ""action"": ""Delete"", ""days_after_creation"": 63}]}",False,2024-11-12T22:51:58.763111
either-0fc216d1,ijones@hotmail.com,us-west-2a,True,,True,2025-06-30T22:51:58.763319
no-f00d1c43,powersrandy@robertson.biz,us-east-1a,False,,False,2023-09-17T22:51:58.763767
something-bdf4d4b8,xflores@robinson.com,us-east-1b,False,"{""rules"": [{""id"": ""expire-45-days"", ""action"": ""Delete"", ""days_after_creation"": 45}]}",True,2024-04-28T22:51:58.764405
medical-87508199,yhudson@blackwell-holmes.info,us-west-2a,False,,False,2024-06-20T22:51:58.764900
senior-f69d5d49,ischroeder@ayala-conner.org,us-east-1a,True,,True,2024-05-04T22:51:58.765484
director-6faf803f,meredithkelly@gmail.com,us-east-1b,False,"{""rules"": [{""id"": ""expire-232-days"", ""action"": ""Delete"", ""days_after_creation"": 232}]}",True,2024-12-22T22:51:58.765809
culture-c075e63a,muelleralvin@flores-perez.net,us-east-1a,True,"{""rules"": [{""id"": ""expire-172-days"", ""action"": ""Delete"", ""days_after_creation"": 172}]}",True,2024-07-07T22:51:58.766421
traditional-db1d4b30,tsmall@smith-brown.com,us-west-2a,False,,False,2024-01-07T22:51:58.766899
oil-8c0b7a75,maxwellalbert@yahoo.com,us-west-2a,True,,True,2023-06-01T22:51:58.767194
hundred-34feec7b,benjamin00@hotmail.com,us-west-2a,True,,True,2023-11-08T22:51:58.767384
decide-bf98e2f0,lisa00@potter.info,us-east-1b,False,,False,2023-01-24T22:51:58.767964
ahead-34a27b65,williamvelazquez@church.com,us-east-1b,False,,False,2024-05-13T22:51:58.768579
station-76c263ad,breannayoder@hanson.com,us-west-2a,False,"{""rules"": [{""id"": ""expire-337-days"", ""action"": ""Delete"", ""days_after_creation"": 337}]}",False,2023-09-27T22:51:58.769219
son-def6284e,bakermiguel@williams-pace.info,us-east-1a,False,,True,2024-03-02T22:51:58.769840
at-ebed7063,theresaallen@berg.com,us-east-1a,True,"{""rules"": [{""id"": ""expire-299-days"", ""action"": ""Delete"", ""days_after_creation"": 299}]}",False,2023-04-15T22:51:58.770472
within-f5aeb157,ethomas@gibson.net,us-west-2a,True,,False,2024-06-18T22:51:58.771204
in-5acc352f,michaeloneal@hotmail.com,us-east-1a,True,"{""rules"": [{""id"": ""expire-136-days"", ""action"": ""Delete"", ""days_after_creation"": 136}]}",False,2024-01-23T22:51:58.771528
yourself-c5da2229,qnichols@francis.com,us-east-1a,True,"{""rules"": [{""id"": ""expire-102-days"", ""action"": ""Delete"", ""days_after_creation"": 102}]}",False,2023-03-09T22:51:58.772104
occur-7786d0fd,stonejohn@gmail.com,us-east-1a,True,"{""rules"": [{""id"": ""expire-288-days"", ""action"": ""Delete"", ""days_after_creation"": 288}]}",False,2023-09-25T22:51:58.772390
simply-2942ca38,benjamin73@williams.info,us-east-1b,False,"{""rules"": [{""id"": ""expire-228-days"", ""action"": ""Delete"", ""days_after_creation"": 228}]}",False,2025-02-21T22:51:58.772932
grow-11b89274,clairesteele@sullivan.com,us-east-1a,False,"{""rules"": [{""id"": ""expire-261-days"", ""action"": ""Delete"", ""days_after_creation"": 261}]}",True,2023-03-28T22:51:58.773479
theory-f56afe97,jennifer96@sutton-ballard.com,us-west-2a,False,,False,2024-12-04T22:51:58.773920
example-cd40532f,thomasmiller@hotmail.com,us-west-2a,False,,True,2024-01-31T22:51:58.774192
instead-74bb3afb,wellsryan@simpson.com,us-east-1a,False,,True,2025-07-16T22:51:58.774594
possible-818e3a9f,jonesedward@orozco.com,us-west-2a,True,"{""rules"": [{""id"": ""expire-229-days"", ""action"": ""Delete"", ""days_after_creation"": 229}]}",False,2025-05-02T22:51:58.774989
development-df1ed4fc,msmith@torres.org,us-west-2a,False,"{""rules"": [{""id"": ""expire-221-days"", ""action"": ""Delete"", ""days_after_creation"": 221}]}",True,2024-08-17T22:51:58.775535
ok-3feef183,michaelbarber@underwood.org,us-east-1a,True,"{""rules"": [{""id"": ""expire-195-days"", ""action"": ""Delete"", ""days_after_creation"": 195}]}",True,2025-01-15T22:51:58.775952
explain-88ca70a8,williamspencer@evans.com,us-east-1a,True,"{""rules"": [{""id"": ""expire-260-days"", ""action"": ""Delete"", ""days_after_creation"": 260}]}",False,2023-07-31T22:51:58.776542
billion-c6029169,rosariobrian@wilson.net,us-east-1b,True,"{""rules"": [{""id"": ""expire-131-days"", ""action"": ""Delete"", ""days_after_creation"": 131}]}",True,2024-03-21T22:51:58.777138
drug-0a35d20f,sullivandiamond@white-paul.info,us-east-1a,False,"{""rules"": [{""id"": ""expire-296-days"", ""action"": ""Delete"", ""days_after_creation"": 296}]}",False,2025-03-09T22:51:58.777676
election-495433ae,odoyle@turner.com,us-east-1b,True,"{""rules"": [{""id"": ""expire-92-days"", ""action"": ""Delete"", ""days_after_creation"": 92}]}",True,2023-03-27T22:51:58.777998
traditional-f4c20461,vanessamcdonald@hotmail.com,us-east-1b,True,,False,2023-05-16T22:51:58.778272
question-6aef94fe,edwardsshannon@garza.com,us-east-1b,False,"{""rules"": [{""id"": ""expire-221-days"", ""action"": ""Delete"", ""days_after_creation"": 221}]}",False,2022-12-29T22:51:58.778630
fill-21e999f8,robertmelton@martinez-jones.com,us-east-1a,False,,True,2024-12-06T22:51:58.779112
assume-cd55b508,jessicahenderson@moreno-valenzuela.com,us-east-1b,False,,False,2023-03-18T22:51:58.779783
financial-7d62daf1,amber54@long-vargas.org,us-east-1a,False,,True,2024-05-13T22:51:58.780286
year-fec3ccfe,mitchell91@owens.info,us-west-2a,True,,False,2025-08-01T22:51:58.780828
power-ac9156c9,mbrewer@hotmail.com,us-east-1a,False,,False,2023-03-14T22:51:58.781065
discover-f4ee11e6,lawrencesusan@gmail.com,us-west-2a,True,,True,2024-08-02T22:51:58.781455
event-2126e20f,francislindsey@yahoo.com,us-east-1a,True,"{""rules"": [{""id"": ""expire-274-days"", ""action"": ""Delete"", ""days_after_creation"": 274}]}",False,2023-05-18T22:51:58.781826
rest-707333a8,ashlee52@yahoo.com,us-west-2a,False,"{""rules"": [{""id"": ""expire-76-days"", ""action"": ""Delete"", ""days_after_creation"": 76}]}",True,2025-03-06T22:51:58.781999
person-f8fa6a36,julie29@gmail.com,us-east-1b,True,,True,2024-08-16T22:51:58.782192
road-13886e49,stevehenderson@evans.biz,us-east-1b,True,,False,2024-01-20T22:51:58.782842
live-90393960,frivera@gmail.com,us-east-1a,True,,True,2024-04-22T22:51:58.783038
growth-0066be2a,brittany18@reeves.info,us-east-1b,True,,False,2024-10-18T22:51:58.783582
him-e105f12d,hallcaroline@hotmail.com,us-east-1a,True,,True,2025-08-04T22:51:58.783856
teach-3cb07cef,fordchristopher@hotmail.com,us-west-2a,True,,True,2023-07-10T22:51:58.784109
wrong-ee9333c0,hector85@swanson.com,us-east-1a,True,,False,2025-06-25T22:51:58.784620
key-fa565fcb,nicolemoss@andrews.org,us-east-1a,True,"{""rules"": [{""id"": ""expire-313-days"", ""action"": ""Delete"", ""days_after_creation"": 313}]}",True,2023-12-29T22:51:58.785246
second-34f3234e,sherrycarlson@hotmail.com,us-east-1a,False,"{""rules"": [{""id"": ""expire-252-days"", ""action"": ""Delete"", ""days_after_creation"": 252}]}",False,2023-07-03T22:51:58.785874
person-3e1937ad,scott70@avery.com,us-east-1a,False,"{""rules"": [{""id"": ""expire-234-days"", ""action"": ""Delete"", ""days_after_creation"": 234}]}",True,2024-08-17T22:51:58.786234
factor-6b78f4b9,robinsonrebecca@munoz-herman.com,us-east-1a,True,"{""rules"": [{""id"": ""expire-242-days"", ""action"": ""Delete"", ""days_after_creation"": 242}]}",True,2023-10-22T22:51:58.786838
magazine-560b41e9,bfrazier@garza.com,us-west-2a,True,,True,2024-03-17T22:51:58.787393
choose-fe3e7823,thompsonkelly@parker.com,us-east-1a,False,"{""rules"": [{""id"": ""expire-301-days"", ""action"": ""Delete"", ""days_after_creation"": 301}]}",False,2023-12-03T22:51:58.787883
gas-55b001c3,patty12@yahoo.com,us-east-1b,False,,True,2025-04-23T22:51:58.788033
threat-0bc1e06a,james96@yahoo.com,us-east-1a,False,"{""rules"": [{""id"": ""expire-336-days"", ""action"": ""Delete"", ""days_after_creation"": 336}]}",False,2025-01-15T22:51:58.788174
president-e4de00c3,carol62@thomas-reed.info,us-west-2a,False,"{""rules"": [{""id"": ""expire-204-days"", ""action"": ""Delete"", ""days_after_creation"": 204}]}",False,2023-07-23T22:51:58.788594
side-f91dceaa,amy80@yahoo.com,us-west-2a,True,,True,2025-05-22T22:51:58.788775
relate-d8945c2b,kennethharris@gmail.com,us-west-2a,True,,False,2024-09-20T22:51:58.789067
tree-e949cc94,carlsonpamela@yahoo.com,us-east-1b,True,"{""rules"": [{""id"": ""expire-195-days"", ""action"": ""Delete"", ""days_after_creation"": 195}]}",True,2025-04-21T22:51:58.789504
whatever-afc82463,susanshelton@clarke-larsen.com,us-west-2a,False,,True,2024-11-05T22:51:58.790050
him-c97c9ba0,smurray@hotmail.com,us-east-1a,False,"{""rules"": [{""id"": ""expire-291-days"", ""action"": ""Delete"", ""days_after_creation"": 291}]}",False,2025-04-06T22:51:58.790270
direction-ca98a048,dwaynedavis@yahoo.com,us-east-1b,False,,True,2023-11-15T22:51:58.790540
value-0c2855f8,jamescruz@jones.com,us-east-1b,False,"{""rules"": [{""id"": ""expire-109-days"", ""action"": ""Delete"", ""days_after_creation"": 109}]}",True,2024-08-18T22:51:58.790963
wear-6f57fe53,nashjoshua@brown.info,us-west-2a,False,,False,2024-08-03T22:51:58.791394
sport-1e795202,lgreer@bass.net,us-east-1a,False,"{""rules"": [{""id"": ""expire-324-days"", ""action"": ""Delete"", ""days_after_creation"": 324}]}",True,2024-08-28T22:51:58.791860
her-f60c013e,storres@hotmail.com,us-west-2a,True,,True,2025-01-30T22:51:58.792094
become-54920aae,michaelrobinson@cantrell.com,us-east-1a,False,"{""rules"": [{""id"": ""expire-121-days"", ""action"": ""Delete"", ""days_after_creation"": 121}]}",False,2022-12-04T22:51:58.792779
drug-67f97710,patrick28@fitzpatrick.com,us-east-1a,True,"{""rules"": [{""id"": ""expire-357-days"", ""action"": ""Delete"", ""days_after_creation"": 357}]}",False,2023-12-13T22:51:58.793110
each-be863d84,ismith@reid-white.com,us-east-1b,False,,True,2023-06-09T22:51:58.793658
explain-f59d2183,alanrobertson@yahoo.com,us-west-2a,True,,True,2023-08-25T22:51:58.793983
age-0fd39c49,bartlettjeffrey@rodriguez-butler.com,us-east-1a,True,,False,2024-10-08T22:51:58.794525
relationship-cc24c4a4,christopher61@hotmail.com,us-west-2a,False,"{""rules"": [{""id"": ""expire-289-days"", ""action"": ""Delete"", ""days_after_creation"": 289}]}",True,2023-02-18T22:51:58.794685
recognize-42f5ee18,diana56@ballard.com,us-east-1a,True,"{""rules"": [{""id"": ""expire-130-days"", ""action"": ""Delete"", ""days_after_creation"": 130}]}",False,2023-07-24T22:51:58.795013
yard-f0fde554,curtisrebecca@gmail.com,us-east-1b,False,"{""rules"": [{""id"": ""expire-243-days"", ""action"": ""Delete"", ""days_after_creation"": 243}]}",False,2023-01-13T22:51:58.795325
baby-2726c80f,qli@yahoo.com,us-east-1a,False,"{""rules"": [{""id"": ""expire-291-days"", ""action"": ""Delete"", ""days_after_creation"": 291}]}",True,2025-06-26T22:51:58.795537
behavior-a84f0acb,estradadavid@hotmail.com,us-east-1b,True,"{""rules"": [{""id"": ""expire-243-days"", ""action"": ""Delete"", ""days_after_creation"": 243}]}",False,2024-01-20T22:51:58.795793
send-a49d8b88,emma87@rivera.com,us-east-1a,True,,True,2024-10-10T22:51:58.796308
only-22ceb726,ericamerritt@gmail.com,us-east-1b,False,,True,2024-01-08T22:51:58.796585
kind-2f79d8e2,holmeskristen@yahoo.com,us-east-1a,True,"{""rules"": [{""id"": ""expire-142-days"", ""action"": ""Delete"", ""days_after_creation"": 142}]}",False,2025-07-21T22:51:58.797148
can-5b8c0f1e,robertbrown@yahoo.com,us-east-1b,True,,True,2024-08-15T22:51:58.797668
story-475ae6f2,jocelynparker@lucas-hale.biz,us-west-2a,True,"{""rules"": [{""id"": ""expire-151-days"", ""action"": ""Delete"", ""days_after_creation"": 151}]}",True,2023-12-19T22:51:58.798223
ago-a8061a63,karinapace@torres.com,us-east-1a,False,,False,2025-01-31T22:51:58.798614
remember-40bfec1d,jennifervillarreal@maynard-burns.biz,us-east-1a,True,"{""rules"": [{""id"": ""expire-47-days"", ""action"": ""Delete"", ""days_after_creation"": 47}]}",True,2023-12-29T22:51:58.799106
religious-ae4fbde1,andrewsmith@yahoo.com,us-east-1b,False,,True,2023-03-06T22:51:58.799382
room-9cb3233b,qroth@yahoo.com,us-east-1b,False,"{""rules"": [{""id"": ""expire-259-days"", ""action"": ""Delete"", ""days_after_creation"": 259}]}",True,2025-07-22T22:51:58.799562
what-80706b79,emily96@hess.net,us-east-1a,False,,True,2023-02-01T22:51:58.800043
major-1167725a,christine98@gmail.com,us-east-1b,False,,True,2024-04-30T22:51:58.800195
meet-2299a856,jbuckley@estrada-park.com,us-west-2a,True,"{""rules"": [{""id"": ""expire-96-days"", ""action"": ""Delete"", ""days_after_creation"": 96}]}",False,2025-07-17T22:51:58.800629
media-4f66c894,gchen@nelson.com,us-east-1b,False,"{""rules"": [{""id"": ""expire-274-days"", ""action"": ""Delete"", ""days_after_creation"": 274}]}",True,2024-01-25T22:51:58.800958
back-ebf33455,kimberlysmith@smith.net,us-east-1b,False,,True,2025-06-20T22:51:58.801371
yes-691b3ae1,tylermckinney@taylor-smith.info,us-east-1a,True,,False,2024-09-07T22:51:58.801890
finally-87d711df,wendywallace@diaz-jones.org,us-east-1b,False,"{""rules"": [{""id"": ""expire-284-days"", ""action"": ""Delete"", ""days_after_creation"": 284}]}",True,2023-03-08T22:51:58.802416
director-d99a9fb3,lisa42@miller.com,us-east-1b,False,"{""rules"": [{""id"": ""expire-32-days"", ""action"": ""Delete"", ""days_after_creation"": 32}]}",False,2024-01-06T22:51:58.802717
contain-9a4c518d,adambrown@hotmail.com,us-east-1b,False,"{""rules"": [{""id"": ""expire-165-days"", ""action"": ""Delete"", ""days_after_creation"": 165}]}",True,2023-08-13T22:51:58.803000
begin-ad06cab8,randallangela@yahoo.com,us-west-2a,False,"{""rules"": [{""id"": ""expire-306-days"", ""action"": ""Delete"", ""days_after_creation"": 306}]}",True,2023-07-12T22:51:58.803238
sell-49dbcfdb,rturner@hotmail.com,us-east-1a,True,,False,2024-04-26T22:51:58.803424
training-99d0b5ce,andrearamos@hotmail.com,us-east-1a,False,"{""rules"": [{""id"": ""expire-183-days"", ""action"": ""Delete"", ""days_after_creation"": 183}]}",True,2024-03-28T22:51:58.803700
identify-1338bf95,eelliott@hotmail.com,us-west-2a,False,"{""rules"": [{""id"": ""expire-357-days"", ""action"": ""Delete"", ""days_after_creation"": 357}]}",True,2024-01-02T22:51:58.803889
because-ef1af2ff,gabriel45@alvarez.info,us-west-2a,True,"{""rules"": [{""id"": ""expire-292-days"", ""action"": ""Delete"", ""days_after_creation"": 292}]}",True,2025-05-13T22:51:58.804166
individual-f2acfbda,stephaniemyers@yahoo.com,us-west-2a,True,"{""rules"": [{""id"": ""expire-225-days"", ""action"": ""Delete"", ""days_after_creation"": 225}]}",False,2024-06-22T22:51:58.804423
summer-97e8f9fd,olsoncameron@wilson.com,us-west-2a,True,"{""rules"": [{""id"": ""expire-311-days"", ""action"": ""Delete"", ""days_after_creation"": 311}]}",False,2023-03-02T22:51:58.805058
authority-5f770543,ellentaylor@warner-francis.com,us-east-1b,False,,True,2025-07-04T22:51:58.805602
operation-4fd29d8e,dmathews@gmail.com,us-west-2a,False,,False,2024-04-28T22:51:58.805817
eight-a593f1d7,garciachristian@sloan.com,us-east-1a,True,,True,2022-11-17T22:51:58.806229
to-c4c1872f,nicholas23@hoffman.com,us-east-1a,False,,False,2024-08-21T22:51:58.806485
both-214b81b3,brownteresa@hotmail.com,us-east-1a,False,"{""rules"": [{""id"": ""expire-322-days"", ""action"": ""Delete"", ""days_after_creation"": 322}]}",False,2023-12-29T22:51:58.806754
truth-9000ca7d,simmonsaaron@jones.com,us-east-1a,False,,False,2024-08-06T22:51:58.807160
military-f68cfd2c,washingtoneric@gmail.com,us-west-2a,True,"{""rules"": [{""id"": ""expire-144-days"", ""action"": ""Delete"", ""days_after_creation"": 144}]}",True,2024-03-16T22:51:58.807446
glass-f3d756c0,xbrooks@gmail.com,us-east-1b,True,"{""rules"": [{""id"": ""expire-256-days"", ""action"": ""Delete"", ""days_after_creation"": 256}]}",True,2022-12-19T22:51:58.807664
bed-8ba39d3a,kevin88@yahoo.com,us-east-1a,True,,True,2024-02-22T22:51:58.807801
experience-2c757587,latoyajacobs@rivera-aguilar.info,us-west-2a,True,,False,2025-01-18T22:51:58.808308
eat-3f0ad162,tcummings@willis-hays.net,us-west-2a,True,,False,2024-10-26T22:51:58.808717
town-c9361a78,lindseyjimmy@gmail.com,us-east-1a,True,"{""rules"": [{""id"": ""expire-297-days"", ""action"": ""Delete"", ""days_after_creation"": 297}]}",True,2023-04-24T22:51:58.808975
present-d3a6a237,hollyvincent@reed-scott.com,us-east-1a,True,,True,2025-06-29T22:51:58.809552
team-b0a6f927,susanwolf@jackson.biz,us-east-1b,False,"{""rules"": [{""id"": ""expire-156-days"", ""action"": ""Delete"", ""days_after_creation"": 156}]}",False,2024-12-30T22:51:58.809935
